"","Species name","Ori","OGT","d (h)","d reference","bacteria","n_chromosom","length_chromosom","delta_enc_prim","n_copy_16S","gc_rate"
"1","Acidovorax avenae",27627,28,"11","[1]","Acidovorax_avenae_subsp._citrulli_AAC00-1",1,"5352772",0.236185584073884,3,0.685323043835979
"2","Acaryochloris marina",3125510,25,"45","[2]","Acaryochloris_marina_MBIC11017",10,"6503724,374161,356087,273121,226680,177162,172728,155110,120693,2133",-0.0217057740945463,2,0.472538502556382
"3","Actinobacillus pleuropneumoniae",1883252,37,"0.75","[3]","Actinobacillus_pleuropneumoniae_L20",1,"2274482",0.177818078997592,6,0.412995134716388
"4","Acinetobacter ADP1",3598158,30,"0.5","[4]","Acinetobacter_sp._ADP1",1,"3598621",-0.00524705569999587,0,0.404295701047707
"5","Aeromonas hydrophila",4729112,28,"0.35","[5]","Aeromonas_hydrophila_subsp._hydrophila_ATCC_7966",1,"4744448",0.0543130979930039,10,0.615484035234447
"6","Aeropyrum pernix",NA,95,"4","[6]","Aeropyrum_pernix_K1",1,"1669696",-0.00956298547269466,1,0.563112686381233
"7","Agrobacterium tumefaciens C58",2841174,26,"3","[7]","Agrobacterium_tumefaciens_str._C58",4,"2841580,2075577,542868,214233",0.100684542947723,4,0.593752067511736
"8","Alcanivorax borkumensis",3119635,28,"10","[8]","Alcanivorax_borkumensis_SK2",1,"3120143",-0.00181410187790508,3,0.547277801049503
"9","Anaeromyxobacter dehalogenans",1396,30,"9.2","[9]","Anaeromyxobacter_dehalogenans_2CP-C",1,"5013479",0.20925882679857,2,0.749052703721308
"10","Anaplasma marginale",1147944,37,"21.6","[10]","Anaplasma_marginale_str._St._Maries",1,"1197687",-0.178939121842699,0,0.497626675416866
"11","Anaplasma phagocytophilum",20557,37,"7","[11]","Anaplasma_phagocytophilum_HZ",1,"1471282",0.102528920385152,1,0.416359338318555
"12","Anabaena variabilis",1502,20,"8","[12]","Anabaena_variabilis_ATCC_29413",5,"6365727,366354,35762,300758,37151",-0.0614423884435692,4,0.41421380464478
"13","Aquifex aeolicus",209842,95,"1.8","[13]","Aquifex_aeolicus_VF5",2,"1551335,39456",0.217587551413771,2,0.434761673010665
"14","Arthrobacter aurescens",1420,30,"2","[14]","Arthrobacter_aurescens_TC1",3,"4597686,328237,300725",0.0894515742369701,6,0.623429916701576
"15","Arcobacter butzleri",2341023,37,"0.66","[15]","Arcobacter_butzleri_RM4018",1,"2341251",0.04683553398998,5,0.270451566278028
"16","Archaeoglobus fulgidus",NA,85,"4","[16]","Archaeoglobus_fulgidus_DSM_4304",1,"2178400",0.0287367864480737,1,0.485816654425266
"17","Azoarcus sp EbN1",1677877,28,"4.3","[17]","Azoarcus_sp._EbN1",3,"4296230,207355,223670",0.107508994313437,4,0.651214669605678
"18","Bacillus anthracis Ames",1748,37,"0.5","[18]","Bacillus_anthracis_str._Ames",1,"5227293",0.0153366794154605,11,0.353768384515657
"19","Bacillus cereus ATCC 14579",1622,30,"0.3","[19]","Bacillus_cereus_AH187",5,"5269030,12481,270082,3091,45173",0.114842114820329,14,0.355912188770988
"20","Bacteroides fragilis",110151,37,"0.63","[20]","Bacteroides_fragilis_YCH46",2,"5277274,33716",0.11524494381518,6,0.43266049858317
"21","Bacillus halodurans",4202339,30,"0.6","[21]","Bacillus_halodurans_C-125",1,"4202352",0.107197474743311,8,0.436855123035862
"22","Bartonella henselae Houston-1",1930403,37,"3","[22]","Bartonella_henselae_str._Houston-1",2,"1979779,34973",0.132025367465367,2,0.382567448184873
"23","Bacillus licheniformis ATCC14580",1848,37,"0.58","[23]","Bacillus_licheniformis_ATCC_14580",1,"4222597",0.22012549413506,5,0.461943917451748
"24","Bartonella quintana Toulouse",1580795,37,"3","[24]","Bartonella_quintana_str._Toulouse",1,"1581384",0.0958208583315505,2,0.387968387184896
"25","Bacillus subtilis 168",1751,37,"0.43","[25]","Bacillus_subtilis_subsp._subtilis_str._168",1,"4215606",-0.043604197945439,0,0.435144081301716
"26","Bacteroides thetaiotaomicron VPI5482",4171767,37,"1.47","[26]","Bacteroides_thetaiotaomicron_VPI-5482",2,"6260361,33038",0.112139500656997,5,0.428371782394019
"27","Bacillus thuringiensis konkukian 97-27",1750,30,"0.42","[27]","Bacillus_thuringiensis_serovar_konkukian_str._97-27",2,"5237682,77112",0.120426809706865,13,0.354053377047327
"28","Bdellovibrio bacteriovorus",1417,30,"1.4","[28]","Bdellovibrio_bacteriovorus_HD100",1,"3782950",0.164136905152518,0,0.506455015265864
"29","Bifidobacterium longum NCC2705",1625766,37,"1.51","[29]","Bifidobacterium_longum_NCC2705",2,"2256640,3626",0.220257863771771,4,0.601198241633579
"30","Bordetella bronchiseptica RB50",5337389,37,"1.42","[30]","Bordetella_bronchiseptica_RB50",1,"5339179",0.068098513013892,3,0.680770208303561
"31","Borrelia burgdorferi",458037,30,"4","[31]","Borrelia_burgdorferi_B31",22,"910724,5228,9386,16821,18777,24177,26498,28155,29766,28601,27323,30750,30223,30299,29838,30800,30885,30651,36849,38829,53657,52971",-0.177462259611391,0,0.285932950048533
"32","Bordetella pertussis 12822",4084466,37,"3.8","[32]","Bordetella_pertussis_Tohama_I",1,"4086189",0.022835924435442,3,0.67720582674957
"33","Brucella abortus biovar1 9-941",2010519,37,"2","[33]","Brucella_abortus_biovar_1_str._9-941__",2,"2124241,1162204",0.127895790118086,3,0.571557558676252
"34","Bradyrhizobium japonicum USDA110",680553,26,"20","[34]","Bradyrhizobium_japonicum_USDA_110",1,"9106064",0.234023958817701,1,0.640593894354356
"35","Brucella melitensis 16M",2116944,37,"2","[35]","Brucella_melitensis_16M__",2,"2117144,1177787",0.0746108209244885,0,0.571579920874537
"36","Brucella suis 1330",1993857,37,"2","[36]","Brucella_suis_1330__",2,"2107783,1207380",0.133482861638548,3,0.572140490743117
"37","Buchnera aphidicola Sg",641022,22,"36","[37]","_Buchnera_aphidicola_str._Sg_(Schizaphis_graminum)",1,"641454",-0.12857609484094,1,0.253305770951619
"38","Buchnera aphidicola Baizongia pistaciae",1,22,"36","[37]","_Buchnera_aphidicola_str._Sg_(Schizaphis_graminum)",1,"641454",-0.12857609484094,1,0.253305770951619
"39","Burkholderia mallei ATCC23344",3006500,37,"0.75","Personal communication","Burkholderia_mallei_ATCC_23344_",2,"3510148,2325379",0.112309426775328,4,0.681542487667187
"40","Burkholderia pseudomallei K96243",2376,37,"1","Personal communication","Burkholderia_pseudomallei_K96243_",2,"4074547,3173067",0.050747907777248,4,0.677199453092577
"41","Candidatus Blochmannia floridanus",704749,30,"36","[38]","Candidatus_Blochmannia_floridanus",1,"705557",0.0239645525751172,1,0.273831880344182
"42","Caulobacter crescentus",4016703,30,"1.5","[39]","Caulobacter_crescentus_NA1000",1,"4042929",0.217568289243039,2,0.671716470905128
"43","Carboxydothermus hydrogenoformans",2399734,68,"2","[16]","Carboxydothermus_hydrogenoformans_Z-2901",1,"2401520",0.0268241852647435,4,0.420497018554915
"44","Campylobacter jejuni",1324,37,"1.5","[40]","Campylobacter_jejuni_subsp._jejuni_NCTC_11168",9,"561707,488791,223007,154943,103030,90399,4240,1462,656",-0.158757858322104,1,0.302369384750413
"45","Caldivirga maquilingensis",NA,83,"8","[41]","Caldivirga_maquilingensis_IC-167",1,"2077567",0.0286922221385548,1,0.430958423964185
"46","Candidatus Pelagibacter ubique",335453,NA,"30","[42]","Candidatus_Pelagibacter_ubique_HTCC1062",1,"1308759",0.0574798654037792,1,0.296830814534991
"47","Chlamydophila abortus S26/3",1144232,37,"24","[43]","Chlamydophila_abortus_S263",1,"1144377",0.0105186569809248,1,0.398664076611117
"48","Chloroflexus aurantiacus",5258006,49,"6","[44]","Chloroflexus_aurantiacus_J-10-fl",1,"5258541",-0.0289797678005064,3,0.56697152308977
"49","Chlamydophila caviae GPIC",1173153,37,"24","[43]","Chlamydophila_caviae_GPIC",2,"1173390,7966",0.0458176146985019,1,0.392229352559678
"50","Chlamydia trachomatis M",1072919,37,"24","[43]","Chlamydia_trachomatis_DUW-3CX",1,"1042519",0.0575900575849213,2,0.413072567502367
"51","Chlamydia pneumonia A",1,37,"24","[43]","Chlamydophila_pneumoniae_AR39",2,"1229853,4532",0.0499268256616602,0,0.405725724944363
"52","Chlorobium tepidum TLS",1127,30,"2","[45]","Chlorobium_tepidum_TLS",1,"2154946",0.138401448242322,0,0.565296299768068
"53","Chlamydia trachomatis",719974,37,"24","[43]","Chlamydia_trachomatis_DUW-3CX",1,"1042519",0.0575900575849213,2,0.413072567502367
"54","Chromobacterium violaceum ATCC12472",236386,26,"0.8","[46]","Chromobacterium_violaceum_ATCC_12472",1,"4751080",0.240615927397275,8,0.648337430647348
"55","Clostridium acetobutylicum ATCC824",1808,37,"0.58","[47]","Clostridium_acetobutylicum_ATCC_824",2,"3940880,192000",-0.173221415287988,0,0.309257830738312
"56","Clostridium perfringens 13",1784,37,"0.2","[48]","Clostridium_perfringens_str._13",2,"3031430,54310",0.169065761652375,0,0.285660562836681
"57","Clostridium tetani E88",50965,37,"0.5","[49]","Clostridium_tetani_E88",2,"2799251,74082",-0.00818929871843321,5,0.287492975799598
"58","Coxiella burnetii RSA 493",1835517,37,"8","[50]","Coxiella_burnetii_RSA_493",2,"1995488,37319",-0.0354530304986387,0,0.426616446703764
"59","Corynebacterium glutamicum",1576,30,"1.2","[51]","Corynebacterium_glutamicum_ATCC_13032",1,"3282708",-0.0194639760439176,0,0.538417672238895
"60","Colwellia psychrerythraea",5367414,10,"7.14","[52]","Colwellia_psychrerythraea_34H",1,"5373180",0.110176389397475,9,0.380054269538709
"61","Delftia acidovorans",26889,30,"4.62","[53]","Delftia_acidovorans_SPH-1",1,"6767514",0.103647662036143,5,0.664762570125455
"62","Dehalococcoides ethenogenes 195",1599,35,"19","[54]","Dehalococcoides_ethenogenes_195",1,"1469720",0.10217023728701,1,0.488502571918461
"63","Desulfotalea psychrophila LSv54",709557,7,"27","[55]","Desulfotalea_psychrophila_LSv54",3,"3523383,121587,14664",-0.129114550992268,7,0.468112038912602
"64","Deinococcus radiodurans chromosome1",1183,30,"1.5","[56]","Deinococcus_radiodurans_R1_",4,"2644251,412138,45508,177322",0.242356245134157,3,0.670826634839128
"65","Desulfotomaculum reducens",1691,37,"20","[57]","Desulfotomaculum_reducens_MI-1",1,"3608104",0.109951636745903,8,0.422752503808094
"66","Desulfovibrio vulgaris vulgaris Hildenborough",3570715,32,"14","[58]","Desulfovibrio_vulgaris_subsp._vulgaris_str._Hildenborough",2,"3570858,202301",0.208511534302736,5,0.631426116636394
"67","Dinoroseobacter shibae",3633375,33,"4.08","[59]","Dinoroseobacter_shibae_DFL_12",6,"3789584,190506,152970,126304,86208,72296",0.0869071692809242,0,0.660154518279579
"68","Ehrlichia canis",11395,37,"28","[60]","Ehrlichia_canis_str._Jake",1,"1315030",-0.081964948221946,1,0.289577424089184
"69","Ehrlichia chaffeensis",26939,37,"19","[60]","Ehrlichia_chaffeensis_str._Arkansas",1,"1176248",0.04358471059047,1,0.301007100543423
"70","Enterococcus faecalis V583",1403,37,"0.5","[61]","Enterococcus_faecalis_V583",4,"3218031,66320,57660,17963",0.189631216597706,4,0.375273886423095
"71","Erwinia carotovora atroseptica SCRI1043",5063660,28,"0.2","[63]","Erwinia_carotovora_subsp._atroseptica_SCRI1043",1,"5064019",0.0693977179365952,7,0.509673245696748
"72","Escherichia coli MG1655",3923657,37,"0.35","[64]","Escherichia_coli_str._K-12_substr._MG1655",111,"268404,221710,178300,175988,148513,141633,141076,132662,129098,117644,112386,111172,109605,108112,106411,105626,100305,86564,83048,80628,78650,78437,73146,67375,67237,66175,63839,61751,61301,58944,57964,54902,54089,53850,49135,48827,46810,46324,43852,41323,41175,40208,35227,35184,33326,33125,31628,30887,29605,29056,26797,26706,25660,23981,23426,19568,19531,18456,17625,14627,14440,14074,13124,12883,12501,12016,10482,9800,9269,8323,8100,7797,7785,7532,6704,6635,6086,4672,4386,4267,4167,3618,3217,2968,2936,2870,2572,2347,1794,1702,1696,1681,1615,1344,1255,1222,1133,1124,1117,1048,1031,970,848,842,773,706,600,576,568,568,531",0.0571105101535729,1,0.513364182351977
"73","Francisella tularensis",1892387,37,"3","[65]","Francisella_tularensis_subsp._tularensis_WY96-3418",1,"1898476",0.0278757041654102,3,0.322686196717788
"74","Fusobacterium nucleatum",641869,37,"0.72","[20]","Fusobacterium_nucleatum_subsp._nucleatum_ATCC_25586",1,"2180116",0.121450934538206,5,0.271397026580237
"75","Geobacter sulfurreducens PCA",1368,30,"6","[66]","Geobacter_sulfurreducens_PCA",1,"3814128",-0.0629999258364144,2,0.609374934454219
"76","Gluconobacter oxydans 621H",1139728,28,"0.94","[67]","Gluconobacter_oxydans_621H",6,"2702173,163186,26568,14547,13223,2687",0.170207664423708,4,0.610722185441125
"77","Gloeobacter violaceus",3438638,NA,"72","[68]","Gloeobacter_violaceus_PCC_7421",1,"4659019",0.104577707246166,1,0.619978583474332
"78","Gramella forsetii",3458688,NA,"4.17","[69]","Gramella_forsetii_KT0803",1,"3798465",-0.0681725691963139,3,0.366107625053805
"79","Haemophilus ducreyi 35000HP",1698708,36,"1.8","[70]","Haemophilus_ducreyi_35000HP",1,"1698955",0.226654718350771,6,0.382204943627112
"80","Haemophilus influenzae",603005,36,"0.5","[64]","Haemophilus_influenzae_Rd_KW20",1,"1830138",0.192647140300971,6,0.381478883013194
"81","Haloarcula marismortui",NA,50,"12","[71]","Haloarcula_marismortui_ATCC_43049__",7,"3131618,33297,33451,132675,155291,288045,410547",0.0937087069548104,3,0.6236364077611
"82","Halobacterium sp. Strain NRC-1",NA,37,"9","[72]","Halobacterium_sp._NRC-1",3,"2014239,191346,365425",0.0641553610092453,1,0.679130430897227
"83","Haloquadratum walsbyi",NA,37,"24","[73]","Haloquadratum_walsbyi_DSM_16790",2,"3132494,46867",-0.0396451503251956,2,0.478639065230452
"84","Herpetosiphon aurantiacus",6345664,30,"20","[74]","Herpetosiphon_aurantiacus_ATCC_23779",3,"6346587,339639,99204",0.117616518923104,5,0.507156681220946
"85","Helicobacter hepaticus ATCC51449",1081990,37,"4.2","[75]","Helicobacter_hepaticus_ATCC_51449",1,"1799146",0.025903715931043,1,0.359312696134722
"86","Helicobacter pylori",1608998,37,"2.4","[76]","Helicobacter_pylori_26695",1,"1667892",0.0679534777496335,2,0.388729605993673
"87","Hyperthermus butylicus",NA,99,"2","[16]","Hyperthermus_butylicus_DSM_5456",1,"1667163",-0.00802571314436329,1,0.537367371996619
"88","Ignicoccus hospitalis",NA,90,"0.83","[77]","Ignicoccus_hospitalis_KIN4I",1,"1297538",0.219650226588498,1,0.565203485369985
"89","Lactobacillus acidophilus NCFM",1993119,45,"1.8","[78]","Lactobacillus_acidophilus_NCFM",1,"1993560",0.0319832440778657,4,0.347145809506611
"90","Lactobacillus johnsonii NCC533",1992003,30,"0.9","[79]","Lactobacillus_johnsonii_NCC_533",1,"1992676",0.197506921026811,6,0.346112463842592
"91","Lactococcus lactis IL1403",1726,40,"0.7","[80]","Lactococcus_lactis_subsp._lactis_Il1403",1,"2365589",0.296959426971569,0,0.353293830838747
"92","Lactobacillus plantarum WCFS1",1369,30,"1.6","[81]","Lactobacillus_plantarum_WCFS1",4,"3308273,1917,2365,36069",0.0663461511301116,5,0.444668864993911
"93","Leptospira interrogans serovar lai 56601 chr1",1566,29,"9","[82]","Leptospira_interrogans_serovar_Lai_str._56601__",2,"4338762,359372",-0.0859626070623992,2,0.350151264346834
"94","Legionella pneumophila pneumophila Philadelphia 1",3397647,37,"3.3","[83]","Legionella_pneumophila_subsp._pneumophila_str._Philadelphia_1",1,"3397754",-0.0315694550663985,3,0.382695156859502
"95","Leifsonia xyli xyli CTCB07",1647,23,"5","[84]","Leifsonia_xyli_subsp._xyli_str._CTCB07",1,"2584158",0.242508714789418,1,0.676760476720077
"96","Listeria innocua Clip11262",1675,22,"0.6","[85]","Listeria_innocua_Clip11262",2,"3011208,81905",0.218325000240634,0,0.374389613736414
"97","Listeria monocytogenes strain EGD",1674,23,"1","[64]","Listeria_monocytogenes_EGD-e",1,"2944523",0.145350171400323,6,0.37981364044363
"98","Methanococcoides burtonii",NA,32,"20","[88]","Methanococcoides_burtonii_DSM_6242",1,"2575032",0.0627194770162391,3,0.407580954333771
"99","Methylococcus capsulatus",3302726,37,"1.87","[89]","Methylococcus_capsulatus_str._Bath",1,"3304561",-0.0757925082766453,2,0.635845729584051
"100","Methylobacterium extorquens",5470388,28,"4.2","[90]","Methylobacterium_extorquens_PA1",1,"5471154",0.174036564863479,5,0.681838602971147
"101","Methylobacillus flagellatus",1459,36,"2","[91]","Methylobacillus_flagellatus_KT",1,"2971517",-0.0340486084889566,2,0.557190822061593
"102","Methanococcus jannaschii",NA,83,"0.5","[16]","Methanocaldococcus_jannaschii_DSM_2661",3,"1664970,58407,16550",0.0762975132520142,0,0.314262719448398
"103","Methanopyrus kandleri",NA,98,"0.83","[92]","Methanopyrus_kandleri_AV19",1,"1694969",-0.0358187299046812,1,0.611591716426672
"104","Mesorhizobium loti",4478943,26,"2.4","[93]","Mesorhizobium_loti_MAFF303099",3,"7036071,351911,208315",0.262295245993316,2,0.62747064377264
"105","Methanobacterium thermoautotrophicum",NA,65,"1","[94]","Methanothermobacter_thermautotrophicus_str._Delta_H",1,"1751377",0.172260042456751,0,0.495439302902802
"106","Mycobacterium avium paratuberculosis k10",1531,37,"10","[96]","Mycobacterium_avium_subsp._paratuberculosis_K-10",1,"4807032",0.0391600194062987,1,0.693128525044144
"107","Mycobacterium bovis bovis AF2122/97",1525,37,"23","[97]","Mycobacterium_bovis_AF212297",1,"4349904",-0.0760910126247675,1,0.656325978688265
"108","Mycoplasma capricolum",1009729,37,"2.5","[98]","Mycoplasma_capricolum_subsp._capricolum_ATCC_27343",1,"1010023",NA,2,0.237704487917602
"109","Mycoplasma gallisepticum R",2682,37,"1","Personal communication","Mycoplasma_gallisepticum_R",1,"1012800",0.0471700632835366,2,0.314698854660348
"110","Mycoplasma genitalium",578582,37,"12","[99]","Mycoplasma_genitalium_G37",1,"580076",-0.00300245308137628,1,0.316891234941628
"111","Mycoplasma hyopneumoniae 232",513000,37,"2","[100]","Mycoplasma_hyopneumoniae_J",1,"897405",-0.0271822695334752,1,0.285222391228041
"112","Mycobacterium leprae",1567,37,"240","[101]","Mycobacterium_leprae_TN",1,"3268203",0.0240081411513805,0,0.577967464077354
"113","Mycoplasma mobile 163K",1,20,"10","[102]","Mycoplasma_mobile_163K",1,"777079",NA,1,0.24951259781824
"114","Mycoplasma mycoides mycoides SC",1211535,45,"2.2","[98]","Mycoplasma_mycoides_subsp._mycoides_SC_str._PG1",1,"1211703",0.089023455548523,2,0.239656087341535
"115","Mycoplasma pneumoniae",816339,37,"6","[99]","Mycoplasma_pneumoniae_M129",1,"816550",0.00780402719788913,1,0.400104096503582
"116","Mycobacterium tuberculosis",1525,37,"19","[97]","Mycobacterium_tuberculosis_H37Rv",1,"4411532",0.0787847121516354,0,0.656146662882645
"117","Myxococcus xanthus",9139603,30,"5","[104]","Myxococcus_xanthus_DK_1622",1,"9139763",0.0432406334346252,4,0.688912393023758
"118","Neisseria gonorrhoeae FA1090",1917745,36,"0.58","[106]","Neisseria_gonorrhoeae_FA_1090",1,"2153922",0.118077373234512,4,0.526896517144075
"119","Neisseria meningitidis A",219873,37,"0.72","[107]","Neisseria_meningitidis_Z2491",1,"2184406",0.0545330457600374,0,0.518091417071735
"120","Nitrosomonas europaea ATCC19718",1591,27,"18.5","[43]","Nitrosomonas_europaea_ATCC_19718",1,"2812094",-0.0878770473688973,1,0.507181836738032
"121","Nitrobacter winogradskyi",114297,28,"8","[108]","Nitrobacter_winogradskyi_Nb-255",1,"3402093",0.0064478776087317,1,0.620490092422518
"122","Nocardia farcinica",1990,37,"3","[109]","Nocardia_farcinica_IFM_10152",3,"6021225,184026,87093",0.164562281753397,0,0.708334267528618
"123","Nostoc sp. PCC 7120",2404398,NA,"12","[110]","Nostoc_sp._PCC_7120",84,"657640,207884,198046,185501,184292,172067,143383,140088,135376,112205,108628,466897,96972,96016,90843,90176,89976,82579,80415,74787,68016,66058,404843,65856,61958,60977,59137,57276,56447,54282,53861,52179,51536,289733,51490,50459,50387,48020,47747,45941,44861,44737,42773,42391,269101,41196,41156,40811,40220,35510,33409,28906,27394,25907,24835,256590,24562,19389,19116,18447,17223,14524,13359,12036,11323,9650,253153,9312,8335,8322,8093,8058,7401,6902,6315,5886,5697,218265,5185,3482,3304,1563,3149,208454",-0.166082939042515,2,0.409029256127973
"124","Oenococcus oeni",1780070,24,"10.5","[111]","Oenococcus_oeni_PSU-1",1,"1780517",0.161251668138013,2,0.378888828357157
"125","Paracoccus denitrificans",2851745,30,"2.1","[112]","Paracoccus_denitrificans_PD1222_",3,"2852282,1730097,653815",0.211243989132107,2,0.667063775601431
"126","Petrotoga mobilis",1423266,55,"12","[115]","Petrotoga_mobilis_SJ95",1,"2169548",-0.0602258162159342,2,0.341231906369437
"127","Photorhabdus luminescens laumondii TTO1",44490,28,"0.5","Personal communication","Photorhabdus_luminescens_subsp._laumondii_TTO1",1,"5688987",0.142146471796633,7,0.42825357133001
"128","Photobacterium profundum SS9",4085022,10,"2.5","[116]","Photobacterium_profundum_SS9_",3,"4085304,2237943,80033",0.19428688767462,15,0.419688718391581
"129","Picrophilus torridus DSM 9790",NA,60,"6","[118]","Picrophilus_torridus_DSM_9790",6,"203219,209367,362609,27250,82740,648970",0.193908853909476,0,0.362163120020956
"130","Porphyromonas gingivalis W83",2342805,37,"2.7","[119]","Porphyromonas_gingivalis_W83",1,"2343476",-0.0881506774730579,4,0.482879278473515
"131","Propionibacterium acnes KPA171202",1748,31,"5.1","[120]","Propionibacterium_acnes_KPA171202",1,"2560634",0.185011108138131,3,0.600121298084771
"132","Pseudomonas aeruginosa PA01",6264361,37,"0.5","[64]","Pseudomonas_aeruginosa_PAO1",1,"6264189",0.200885363298454,4,0.665556067992201
"133","Psychromonas ingrahamii",4558259,12,"12","[123]","Psychromonas_ingrahamii_37",1,"4559598",0.0490021707752994,10,0.400862751496952
"134","Pseudomonas putida KT2440",8947,27,"1.1","[124]","Pseudomonas_putida_KT2440",1,"6181873",-0.0191147293985573,7,0.615240235443206
"135","Pseudomonas syringae tomato DC3000",6396882,27,"1.47","[125]","Pseudomonas_syringae_pv._tomato_str._DC3000",3,"6397126,73661,67473",-0.05643346892254,5,0.583988809974979
"136","Pyrococcus abyssi",NA,96,"0.62","[16]","Pyrococcus_abyssi_GE5",2,"1765118,3444",0.149459178708483,1,0.44713894481842
"137","Pyrobaculum aerophilum",NA,100,"3","[16]","Pyrobaculum_aerophilum_str._IM2",1,"2222430",0.0322694523334208,0,0.51362517604604
"138","Pyrobaculum arsenaticum",NA,95,"1.3","[126]","Pyrobaculum_arsenaticum_DSM_13514",1,"2121076",0.0116469137893169,1,0.550508798364604
"139","Pyrococcus furiosus",NA,100,"0.62","[16]","Pyrococcus_furiosus_DSM_3638",1,"1889914",0.0496134255841625,1,0.407516426673383
"140","Pyrococcus horikoshii",NA,98,"0.62","[16]","Pyrococcus_horikoshii_OT3",1,"1738505",0.0660901279478753,1,0.418789707248469
"141","Ralstonia solanacearum GMI1000",3716277,30,"4","[127]","Ralstonia_solanacearum_GMI1000",2,"3716413,2094509",0.193298811782583,0,0.670369789364099
"142","Rhodoferax ferrireducens",40520,25,"8","[128]","Rhodoferax_ferrireducens_T118",2,"4712337,257447",-0.0043105192874324,2,0.598793337573268
"143","Rhodococcus sp. Strain RHA1",3871702,30,"5.3","[130]","Rhodococcus_jostii_RHA1",4,"7804765,1123075,442536,332361",-0.0327073888058569,4,0.675158316746244
"144","Rhodospirillum rubrum",4154190,28,"3.8","[131]","Rhodospirillum_rubrum_ATCC_11170",2,"4352825,53732",0.14707554146858,4,0.654479562123449
"145","Rhodobacter sphaeroides",3004887,32,"3","[132]","Rhodobacter_sphaeroides_2.4.1_",6,"3188530,942894,124316,114178,106892,152944",0.0261528866769335,3,0.690075991130709
"146","Rickettsia conorii Malish 7",1268361,35,"4.1","[133]","Rickettsia_conorii_str._Malish_7",1,"1268755",-0.158465646139917,1,0.324388081229237
"147","Rickettsia typhi wilmington",1111114,35,"10","[135]","Rickettsia_typhi_str._Wilmington",1,"1111496",0.0686807554454179,1,0.289194023190367
"148","Rubrobacter xylanophilus",1355,60,"3.85","[136]","Rubrobacter_xylanophilus_DSM_9941",1,"3127021",0.174729885058578,1,0.685330543031211
"149","Salinibacter ruber",12594,42,"14","[137]","Salinibacter_ruber_DSM_13855",2,"3551823,35505",-0.048475543165131,1,0.662167287052311
"150","Salmonella typhimurium LT2",4083788,37,"0.4","[64]","Salmonella_typhimurium_LT2_",2,"4857450,93933",0.161084592273113,7,0.522217006865742
"151","Shewanella oneidensis MR-1",6419,30,"0.66","[138]","Shewanella_oneidensis_MR-1",1,"4972338",0.105915730832033,8,0.459646347452647
"152","Sinorhizobium meliloti 1021",1,28,"1.5","[139]","Sinorhizobium_meliloti_1021",3,"3654135,1354226,1683333",0.0563047163604297,0,0.627289358493871
"153","Silicibacter pomeroyi",4105854,NA,"1.65","[140]","Silicibacter_pomeroyi_DSS-3",2,"4109437,491611",0.193422809335789,3,0.642229093669035
"154","Sorangium cellulosum",11354923,30,"16","[104]","Sorangium_cellulosum_'So_ce_56'",1,"13033779",0.0766152294070668,0,0.71375738379483
"155","Sodalis glossinidius",4127547,25,"26","[141]","Sodalis_glossinidius_str._'morsitans'",4,"4171874,90748,38395,10641",0.106846876204097,7,0.546335052305031
"156","Sphingopyxis alaskensis",1535,NA,"2.39","[142]","Sphingopyxis_alaskensis_RB2256",2,"3345170,28543",0.128552195931206,1,0.65501544017195
"157","Streptococcus agalactiae 2603VR",1464,37,"1.8","[143]","Streptococcus_agalactiae_2603VR",1,"2160267",0.25935438675794,7,0.35646612201177
"158","Staphylococcus aureus strain N315",1879,34,"0.4","[144]","Staphylococcus_aureus_subsp._aureus_Mu50",2,"2878529,25107",0.084595673501967,0,0.328777997372964
"159","Streptomyces coelicolor A3(2)",4269844,30,"2.2","[145]","Streptomyces_coelicolor_A3(2)",3,"8667507,356023,31317",0.145930583238577,6,0.721186611098208
"160","Staphylococcus epidermidis ATCC 12228",1718,34,"0.8","[146]","Staphylococcus_epidermidis_ATCC_12228",139,"118164,58350,1565,1555,1485,1389,1339,1252,1163,1100,1001,778,56488,684,631,609,608,594,538,519,498,493,477,55284,464,457,446,377,365,352,350,346,321,320,54675,282,280,243,227,220,208,206,206,205,204,54509,52727,50443,49215,47677,44030,114297,40027,39353,39289,39244,35568,33962,32840,32584,31865,29914,95796,28238,26904,25969,25417,23501,22455,22374,22370,22313,21947,80500,21924,21828,21157,19743,18976,18525,18151,17318,16338,16181,79999,16068,15993,15909,15717,15710,15580,14880,14851,14692,14261,79168,13539,13503,13401,13349,12511,11816,11215,9870,9862,9664,70932,8749,8690,8247,8062,7902,7850,7810,7251,7162,6640,66252,6411,5805,5766,5030,5008,4801,4718,4494,4173,4075,58646,4039,4011,3383,3201,3015,2878,2411,2302,1910,1880",0.067931494985111,2,0.325809891337463
"161","Staphylothermus marinus",NA,87,"6.3","[147]","Staphylothermus_marinus_F1",1,"1570485",0.0144160780735286,1,0.357265430742732
"162","Streptococcus mutans UA159",1553,37,"0.75","[148]","Streptococcus_mutans_UA159",1,"2032925",0.214340479292718,5,0.368286582141496
"163","Streptococcus pneumoniae TIGR4",1559,37,"0.5","[149]","Streptococcus_pneumoniae_TIGR4",1,"2153837",0.305033939528576,4,0.396421363362223
"164","Streptococcus pyogenes M1",1588,37,"0.4","[150]","Streptococcus_pyogenes_M1_GAS",1,"1852433",0.30726244081327,6,0.385117842318724
"165","Streptococcus thermophilus LMG18311",1551,37,"0.43","[151]","Streptococcus_thermophilus_LMG_18311",1,"1796846",0.196094256821666,0,0.390916639489416
"166","Sulfolobus acidocaldarius",NA,70,"5.67","[16]","Sulfolobus_acidocaldarius_DSM_639",1,"2225130",-0.137087223221588,1,0.367089113894469
"167","Sulfolobus solfataricus",NA,87,"6","[16]","Sulfolobus_solfataricus_P2",1,"2992245",0.0400686738509518,1,0.357871765179656
"168","Sulfolobus tokodaii",NA,80,"6","[16]","Sulfolobus_tokodaii_str._7",1,"2694756",0.07150573365132,1,0.3278671612569
"169","Syntrophus aciditrophicus",1529,35,"24","[152]","Syntrophus_aciditrophicus_SB",1,"3179300",-0.0667931637939258,0,0.514600383732268
"170","Synechococcus elongatus PCC6301",1620819,32,"6.1","[153]","Synechococcus_elongatus_PCC_6301",3,"2695389,46368,7842",-0.0731973383230095,2,0.554695815706008
"171","Syntrophobacter fumaroxidans",3503182,37,"97.86","[154]","Syntrophobacter_fumaroxidans_MPOB",1,"4990251",0.0108537690750896,2,0.599487280299127
"172","Synechocystis PCC6803",665000,35,"12","[155]","Synechocystis_sp._PCC_6803",108,"346,323,267,255,251,250,250,249,228,224,130736,216,114757,107564,98642,95978,90842,89042,81662,70557,69384,387075,68119,55779,50745,49093,46200,45563,44137,42527,41231,41215,268591,40495,31557,30849,28980,27213,27133,25085,20980,15775,11395,255188,11337,9158,8635,6213,5902,5361,5341,3519,3265,2782,246949,2505,2480,2024,1812,1797,1671,1474,1176,1097,912,236929,912,811,791,656,619,541,530,517,506,495,214552,491,491,491,490,489,486,483,482,478,473,180851,466,466,466,465,453,452,441,441,440,175983,440,438,437,436,430,428,401,365,363,155957",0.00273830992395061,1,0.480694955757928
"173","Symbiobacterium thermophilum",1378,60,"4.2","[156]","Symbiobacterium_thermophilum_IAM_14863",1,"3566135",0.131846452751954,6,0.686684043088666
"174","Synechococcus sp WH8102",2434168,32,"6","[157]","Synechococcus_sp._WH_8102",1,"2434428",0.170459111839813,2,0.594126012352799
"175","Thermoplasma acidophilum",NA,59,"2.5","[16]","Thermoplasma_acidophilum_DSM_1728",1,"1564906",0.0863575020365179,1,0.459943919954298
"176","Thermosynechococcus elongatus BP-1",2338968,55,"5.4","[159]","Thermosynechococcus_elongatus_BP-1",1,"2593857",0.0917292144955858,1,0.53917929939854
"177","Thermotoga maritima",156961,80,"1.2","[160]","Thermotoga_maritima_MSB8",1,"1869612",0.0712809457969132,1,0.46248740380357
"178","Thermoanaerobacter tengcongensis",1697,75,"1.1","[161]","Thermoanaerobacter_tengcongensis_MB4",1,"2730464",-0.0106968751401493,4,0.375499548794637
"179","Thermus thermophilus HB27",1524341,75,"2.5","[162]","Thermus_thermophilus_HB27",2,"1895924,247808",0.149476568637147,2,0.694366968296197
"180","Thermoplasma volcanium",NA,60,"2.5","[16]","Thermoplasma_volcanium_GSS1",1,"1584804",-0.0629224589303808,1,0.399185009628951
"181","Treponema denticola ATCC35405",265084,37,"5","[163]","Treponema_denticola_ATCC_35405",1,"2843201",-0.205622398415542,2,0.378737556718642
"182","Treponema pallidum",1399,37,"33","[165]","Treponema_pallidum_subsp._pallidum_str._Nichols",1,"1139633",0.0542361022377816,2,0.527883099208254
"183","Tropheryma whipplei Twist",1438,37,"28","[166]","Tropheryma_whipplei_str._Twist",1,"927303",0.0109644482202547,1,0.463319972004836
"184","Ureaplasma urealyticum",42000,37,"0.9","Personal communication","Ureaplasma_urealyticum_serovar_10_str._ATCC_33699",1,"874478",0.23747057878191,2,0.257742333140456
"185","Vibrio cholerae",2961047,37,"0.2","[38]","Vibrio_cholerae_O1_biovar_eltor_str._N16961__",2,"2961149,1072315",0.137589075840413,8,0.476948306214919
"186","Vibrio fischeri ES114",2906069,30,"0.3","[167]","Vibrio_fischeri_ES114__",3,"2897536,1330333,45849",0.246832869684187,12,0.389529586517648
"187","Vibrio parahaemolyticus",3288455,25,"0.2","[168]","Vibrio_parahaemolyticus_RIMD_2210633__",2,"3288558,1877212",0.224927527824225,11,0.453856371090308
"188","Vibrio vulnificus CMCP6 chr1",1012335,25,"0.16","[38]","Vibrio_vulnificus_CMCP6__",2,"3281866,1844830",0.264500535028525,9,0.464506472841975
"189","Wolinella succinogenes",2110228,37,"1","[170]","Wolinella_succinogenes_DSM_1740",1,"2110355",-0.0820479539589756,0,0.484580082497968
"190","Xanthomonas axonopodis",1371,27,"7","[171]","Xanthomonas_axonopodis_pv._citri_str._306",3,"5175554,33700,64920",0.177056201328548,0,0.647718872221215
"191","Xanthomonas campestris",1371,37,"3","[172]","Xanthomonas_campestris_pv._campestris_str._ATCC_33913",1,"5076188",0.0884059319934599,0,0.650683544423493
"192","Xanthomonas oryzae oryzae KACC10331",1374,28,"2","[173]","Xanthomonas_oryzae_pv._oryzae_KACC10331",1,"4941439",0.0468109858105891,2,0.636932885339675
"193","Xylella fastidiosa 9a5c",1463,28,"5.13","[174]","Xylella_fastidiosa_9a5c",3,"2679306,1286,51158",-0.0260860957431756,2,0.526740879914426
"194","Yersinia pestis CO92",4653618,37,"1.25","[175]","Yersinia_pestis_CO92",3,"4556337,70305,96210",0.165803263675405,6,0.475825427311457
"195","Yersinia pseudotuberculosis",4744561,37,"0.5","[176]","Yersinia_pseudotuberculosis_IP_32953",3,"4743972,68525,26933",0.132586346955577,7,0.476112843836346
"196","Zymomonas mobilis",2055615,27,"2","[177]","Zymomonas_mobilis_subsp._mobilis_ZM4",1,"2056363",0.159946693557554,3,0.463280558928555
